frame,inference_ms,angle,nose_x,nose_y,nose_conf,left_eye_x,left_eye_y,left_eye_conf,right_eye_x,right_eye_y,right_eye_conf,left_ear_x,left_ear_y,left_ear_conf,right_ear_x,right_ear_y,right_ear_conf,left_shoulder_x,left_shoulder_y,left_shoulder_conf,right_shoulder_x,right_shoulder_y,right_shoulder_conf,left_elbow_x,left_elbow_y,left_elbow_conf,right_elbow_x,right_elbow_y,right_elbow_conf,left_wrist_x,left_wrist_y,left_wrist_conf,right_wrist_x,right_wrist_y,right_wrist_conf,left_hip_x,left_hip_y,left_hip_conf,right_hip_x,right_hip_y,right_hip_conf,left_knee_x,left_knee_y,left_knee_conf,right_knee_x,right_knee_y,right_knee_conf,left_ankle_x,left_ankle_y,left_ankle_conf,right_ankle_x,right_ankle_y,right_ankle_conf
0,327.4255999713205,176.86097792243703,352.35658407211304,94.64609026908875,0.8066267967224121,366.5903377532959,80.86760401725769,0.7999511361122131,364.4719076156616,81.03076815605164,0.7089254856109619,400.6339645385742,87.9905104637146,0.5963436365127563,397.14159965515137,86.79986715316772,0.8142160773277283,407.27794647216797,162.99794912338257,0.7623693346977234,401.1319971084595,160.68328857421875,0.8080939054489136,403.61915588378906,276.3141345977783,0.78202885389328,392.2103261947632,269.22486305236816,0.5416679978370667,373.9507484436035,367.0322370529175,0.7422114610671997,371.7830514907837,355.4686117172241,0.3761586546897888,388.67517471313477,339.3276786804199,0.7171227335929871,381.45724296569824,338.4598445892334,0.8058851957321167,377.4764156341553,497.01942443847656,0.5409371256828308,384.72310066223145,501.8905735015869,0.6477371454238892,395.0535535812378,642.4854469299316,0.39988014101982117,395.1151371002197,640.6242513656616,0.7076701521873474
1,22.42090000072494,177.0569298596813,352.2232675552368,94.858478307724,0.81446373462677,366.4414644241333,81.18342876434326,0.8086713552474976,364.3792963027954,81.28967642784119,0.7158918380737305,400.50483226776123,88.20398211479187,0.6032219529151917,397.07778453826904,86.88578367233276,0.8109419941902161,407.1669673919678,162.7270781993866,0.7593950033187866,398.29593658447266,158.03240776062012,0.6753302216529846,403.5486030578613,276.32570028305054,0.7785987257957458,396.4610481262207,268.4365940093994,0.6217014193534851,376.6747570037842,369.68672275543213,0.7245751023292542,371.3095235824585,355.7344722747803,0.40094512701034546,389.0246772766113,339.92883682250977,0.733305037021637,379.82173919677734,338.61013412475586,0.8058615326881409,378.40338706970215,498.4668302536011,0.6147111058235168,384.50629234313965,502.1742010116577,0.6187140345573425,395.70136070251465,643.1970691680908,0.43588903546333313,395.57501792907715,640.2398586273193,0.6717612743377686
2,19.825000024866313,176.97004998219347,352.19563007354736,94.83369469642639,0.814367949962616,366.45777225494385,81.15868806838989,0.810145914554596,364.4038438796997,81.26049935817719,0.7174671292304993,400.61070442199707,88.24754118919373,0.6035820841789246,397.22331047058105,86.8716162443161,0.81116783618927,407.3419761657715,162.67858386039734,0.7597190737724304,397.5771903991699,157.96554565429688,0.6712056994438171,403.6992359161377,276.3899874687195,0.7826335430145264,392.17676639556885,269.14954662323,0.5346370935440063,376.59905433654785,369.761266708374,0.7222403883934021,370.9308385848999,355.5543565750122,0.4101189076900482,389.48241233825684,340.0610589981079,0.7457098364830017,379.2435836791992,338.63099098205566,0.8076131343841553,378.6861562728882,498.67934703826904,0.6407099962234497,384.0585136413574,501.9903087615967,0.613910436630249,395.63355445861816,643.189902305603,0.44991543889045715,395.4630947113037,640.1687049865723,0.6626128554344177
3,19.23999999416992,176.958451032941,352.23103523254395,94.87977504730225,0.8148228526115417,366.4687156677246,81.2094783782959,0.8106064200401306,364.4362449645996,81.31462097167969,0.718716025352478,400.6410884857178,88.2421338558197,0.6055544018745422,397.2700023651123,86.89331531524658,0.8110688924789429,407.34609603881836,162.60267734527588,0.7593136429786682,397.7870464324951,157.9346466064453,0.6717859506607056,403.68361473083496,276.3372874259949,0.7828661799430847,392.2737979888916,269.13583517074585,0.5340732336044312,376.5621042251587,369.73045349121094,0.7216182947158813,370.9292507171631,355.54701805114746,0.41059908270835876,389.4747734069824,340.00932455062866,0.7442559599876404,379.28049087524414,338.5655879974365,0.807052493095398,378.8101387023926,498.7247085571289,0.6439743638038635,384.0211343765259,501.9330167770386,0.6124864220619202,395.5729579925537,643.2482671737671,0.45358413457870483,395.3788948059082,639.9707365036011,0.6587530374526978
4,20.273600006476045,176.8819228374609,352.2347044944763,94.86462593078613,0.8145945072174072,366.4751100540161,81.20430707931519,0.810605525970459,364.4365882873535,81.30461633205414,0.7186254262924194,400.6527614593506,88.25668752193451,0.6058815717697144,397.2604751586914,86.88489317893982,0.8111953735351562,407.3005199432373,162.63429522514343,0.7579392790794373,397.65589714050293,157.94687747955322,0.6706221103668213,403.6684226989746,276.3857173919678,0.7823825478553772,392.26959228515625,269.137122631073,0.5339104533195496,376.5701723098755,369.7471046447754,0.7211839556694031,370.9114408493042,355.4979658126831,0.41177457571029663,389.50464248657227,340.05449295043945,0.7458439469337463,379.193115234375,338.5556960105896,0.8073887228965759,378.92008781433105,498.814959526062,0.6476249098777771,383.8940620422363,501.89589500427246,0.608343780040741,395.62716007232666,643.3037567138672,0.45760348439216614,395.40494441986084,639.9403524398804,0.6547282338142395
5,22.46860001469031,176.92355741227794,352.22655057907104,94.87773656845093,0.8148218989372253,366.4697456359863,81.21072292327881,0.8105438351631165,364.4304084777832,81.31109654903412,0.7184053659439087,400.6473970413208,88.24309945106506,0.6055759191513062,397.25605487823486,86.8777745962143,0.8112764358520508,407.33983039855957,162.58574724197388,0.758873701095581,397.787389755249,157.92378902435303,0.6713681221008301,403.6520719528198,276.34366035461426,0.7824583649635315,392.3162841796875,269.1495895385742,0.5337977409362793,376.53133392333984,369.71534729003906,0.721562385559082,370.9465026855469,355.56212425231934,0.4104950726032257,389.45576190948486,339.99475479125977,0.743583083152771,379.3189859390259,338.55629682540894,0.8070828318595886,378.8012981414795,498.7484836578369,0.6432616114616394,384.0146541595459,501.95395946502686,0.6120009422302246,395.6173324584961,643.2736301422119,0.45342668890953064,395.4194927215576,640.008716583252,0.6599388718605042
6,19.630099995993078,176.88047903711006,352.234103679657,94.86747980117798,0.8146665096282959,366.47446632385254,81.2062919139862,0.8106309175491333,364.4354295730591,81.30712687969208,0.7185871005058289,400.6540060043335,88.25497090816498,0.6058676838874817,397.2605609893799,86.88547253608704,0.8111830949783325,407.31030464172363,162.62585163116455,0.7579740881919861,397.6652956008911,157.9395604133606,0.6704596281051636,403.66541862487793,276.38331413269043,0.7823925018310547,392.2687339782715,269.13928985595703,0.5339415073394775,376.55038833618164,369.7390365600586,0.7211774587631226,370.91654777526855,355.50981044769287,0.4118249714374542,389.4994926452637,340.04777669906616,0.7455466389656067,379.20058250427246,338.55696201324463,0.8073422908782959,378.915753364563,498.81255626678467,0.6473545432090759,383.9110565185547,501.91125869750977,0.6086786389350891,395.66471099853516,643.2879209518433,0.4564223885536194,395.4353713989258,639.9817657470703,0.6565314531326294
7,22.249499976169318,176.89375879991616,352.2256922721863,94.86667513847351,0.814724862575531,366.46056175231934,81.20362043380737,0.8103374242782593,364.42113876342773,81.30484700202942,0.7181187272071838,400.63782691955566,88.24254155158997,0.6054894328117371,397.24820137023926,86.87806963920593,0.8112726211547852,407.29283809661865,162.619446516037,0.7586859464645386,397.7706527709961,157.9423177242279,0.6717292070388794,403.6557197570801,276.3689589500427,0.782181441783905,392.3433208465576,269.15334463119507,0.5335490107536316,376.5551519393921,369.7290802001953,0.7217170000076294,370.94839096069336,355.52725553512573,0.4104372560977936,389.4607400894165,340.0353527069092,0.7444849610328674,379.31156158447266,338.5749864578247,0.807238757610321,378.83005142211914,498.7763786315918,0.6445925831794739,383.9753007888794,501.9539165496826,0.6110489964485168,395.6283187866211,643.2922124862671,0.45353034138679504,395.425500869751,640.0057125091553,0.6593914031982422
8,19.203900010325015,176.88549936852687,352.2340178489685,94.8673939704895,0.814670205116272,366.47472381591797,81.20618999004364,0.8106322884559631,364.4356441497803,81.30686402320862,0.7185896039009094,400.65396308898926,88.25501918792725,0.6058686375617981,397.2606897354126,86.88524723052979,0.8111904263496399,407.3092746734619,162.62368440628052,0.7579395174980164,397.6696300506592,157.93986082077026,0.6705241799354553,403.66859436035156,276.3814902305603,0.7824153900146484,392.27062225341797,269.1440963745117,0.5340158939361572,376.55725479125977,369.7372341156006,0.7214102745056152,370.9184789657593,355.51393032073975,0.4114871919155121,389.49228286743164,340.0413179397583,0.7453261017799377,379.2184352874756,338.55867862701416,0.8073663711547852,378.894681930542,498.79762172698975,0.6465921401977539,383.9227294921875,501.9258499145508,0.6092997789382935,395.64977645874023,643.2788228988647,0.4556475281715393,395.4288053512573,639.9905204772949,0.6569439172744751
9,15.194300038274378,176.89499094564974,352.2256922721863,94.86670732498169,0.8147251605987549,366.46056175231934,81.20365262031555,0.8103371858596802,364.42113876342773,81.30486845970154,0.7181186676025391,400.6378698348999,88.24256837368011,0.6054894328117371,397.24820137023926,86.87808036804199,0.8112717270851135,407.2927951812744,162.6195216178894,0.7586849331855774,397.7708673477173,157.94257521629333,0.6717360615730286,403.65580558776855,276.36887311935425,0.7821794748306274,392.34336376190186,269.15420293807983,0.5335602760314941,376.5556240081787,369.7288227081299,0.7217276096343994,370.9486484527588,355.5284571647644,0.41041243076324463,389.46013927459717,340.03498792648315,0.7444671988487244,379.3123769760132,338.5755228996277,0.8072363138198853,378.8290214538574,498.7763786315918,0.6445882320404053,383.9750003814697,501.95520401000977,0.6111003756523132,395.62458515167236,643.2902812957764,0.453542560338974,395.4211235046387,640.0055408477783,0.6593220829963684
10,16.79239998338744,176.88549936852687,352.2340178489685,94.8673939704895,0.814670205116272,366.47472381591797,81.20618999004364,0.8106322884559631,364.4356441497803,81.30686402320862,0.7185896039009094,400.65396308898926,88.25501918792725,0.6058686375617981,397.2606897354126,86.88524723052979,0.8111904263496399,407.3092746734619,162.62368440628052,0.7579395174980164,397.6696300506592,157.93986082077026,0.6705241799354553,403.66859436035156,276.3814902305603,0.7824153900146484,392.27062225341797,269.1440963745117,0.5340158939361572,376.55725479125977,369.7372341156006,0.7214102745056152,370.9184789657593,355.51393032073975,0.4114871919155121,389.49228286743164,340.0413179397583,0.7453261017799377,379.2184352874756,338.55867862701416,0.8073663711547852,378.894681930542,498.79762172698975,0.6465921401977539,383.9227294921875,501.9258499145508,0.6092997789382935,395.64977645874023,643.2788228988647,0.4556475281715393,395.4288053512573,639.9905204772949,0.6569439172744751
11,15.83550003124401,176.89499094564974,352.2256922721863,94.86670732498169,0.8147251605987549,366.46056175231934,81.20365262031555,0.8103371858596802,364.42113876342773,81.30486845970154,0.7181186676025391,400.6378698348999,88.24256837368011,0.6054894328117371,397.24820137023926,86.87808036804199,0.8112717270851135,407.2927951812744,162.6195216178894,0.7586849331855774,397.7708673477173,157.94257521629333,0.6717360615730286,403.65580558776855,276.36887311935425,0.7821794748306274,392.34336376190186,269.15420293807983,0.5335602760314941,376.5556240081787,369.7288227081299,0.7217276096343994,370.9486484527588,355.5284571647644,0.41041243076324463,389.46013927459717,340.03498792648315,0.7444671988487244,379.3123769760132,338.5755228996277,0.8072363138198853,378.8290214538574,498.7763786315918,0.6445882320404053,383.9750003814697,501.95520401000977,0.6111003756523132,395.62458515167236,643.2902812957764,0.453542560338974,395.4211235046387,640.0055408477783,0.6593220829963684
12,15.98189998185262,177.0807962761767,351.83565616607666,95.0201940536499,0.8324753642082214,366.16710662841797,81.25526905059814,0.815654993057251,364.1836881637573,81.42552495002747,0.7182517051696777,400.3230857849121,88.05906772613525,0.5944840908050537,397.11207389831543,86.82013392448425,0.8142136335372925,407.7591133117676,162.3760199546814,0.7640811204910278,397.48775482177734,157.92638540267944,0.6669071316719055,403.96307945251465,276.35387420654297,0.7982443571090698,391.36691093444824,269.1620135307312,0.5452754497528076,375.73817253112793,371.07945442199707,0.723126232624054,370.22539615631104,356.0908842086792,0.41962897777557373,389.2531156539917,340.23787021636963,0.7475565671920776,378.3088445663452,338.64384412765503,0.8085590600967407,378.3121061325073,498.65321159362793,0.6471105813980103,383.8923454284668,501.916708946228,0.6158679127693176,395.7828998565674,643.677978515625,0.4555809795856476,395.6752681732178,639.9870014190674,0.6712376475334167
13,19.763599964790046,177.10506802288305,351.8381881713867,95.00656843185425,0.8320143818855286,366.17079734802246,81.2192577123642,0.8152788877487183,364.1788387298584,81.38896107673645,0.7178488969802856,400.36763191223145,88.05887460708618,0.5943122506141663,397.11567878723145,86.80632054805756,0.8146657943725586,407.81477451324463,162.38401293754578,0.7648724913597107,397.45715618133545,157.9306983947754,0.6676576137542725,403.9904594421387,276.35136365890503,0.7987419366836548,391.3765239715576,269.1331744194031,0.5454573035240173,375.7943916320801,371.0232353210449,0.723562479019165,370.23436546325684,355.9871578216553,0.4199153482913971,389.3181324005127,340.24012327194214,0.7490079998970032,378.30103397369385,338.64041090011597,0.8088523149490356,378.25292587280273,498.4979438781738,0.6496520042419434,383.84161949157715,501.85920238494873,0.6196197867393494,395.6584882736206,643.5887145996094,0.4505006670951843,395.52738189697266,639.8905277252197,0.6765774488449097
14,16.11259998753667,177.02080187626686,351.8444323539734,95.0047767162323,0.8319756388664246,366.17302894592285,81.21388792991638,0.81520015001297,364.18291568756104,81.38636469841003,0.7179612517356873,400.3499507904053,88.052898645401,0.5940805673599243,397.106409072876,86.80295169353485,0.8146931529045105,407.8010845184326,162.4106526374817,0.7652628421783447,397.4882698059082,157.96481609344482,0.6685119271278381,403.9541530609131,276.4221525192261,0.7982615232467651,391.36828422546387,269.23357486724854,0.5467123985290527,375.7879114151001,370.9848690032959,0.7241358160972595,370.25500774383545,356.0683536529541,0.4187474548816681,389.2810535430908,340.24632453918457,0.7486064434051514,378.4100818634033,338.7094187736511,0.8090695142745972,378.1943464279175,498.5057544708252,0.647314727306366,383.79037857055664,501.93263053894043,0.6197709441184998,395.6415796279907,643.406925201416,0.450161874294281,395.5404281616211,639.9207401275635,0.6752538084983826
15,15.907199995126575,177.05190693618383,351.84192180633545,95.0002384185791,0.8319287896156311,366.1731147766113,81.20891511440277,0.8151453137397766,364.1838598251343,81.38121485710144,0.7179132103919983,400.34703254699707,88.04569959640503,0.5938045978546143,397.10323333740234,86.79486215114594,0.814882218837738,407.77846813201904,162.39796042442322,0.764890193939209,397.5039339065552,157.9616618156433,0.6685017943382263,403.9556121826172,276.36629819869995,0.7981021404266357,391.4139461517334,269.21868324279785,0.5460787415504456,375.76563835144043,370.99074840545654,0.7242949604988098,370.25947093963623,356.0915279388428,0.4186244308948517,389.2599821090698,340.2292227745056,0.7478861808776855,378.43218326568604,338.69690895080566,0.8089538812637329,378.1755065917969,498.497257232666,0.6470162272453308,383.8140678405762,501.9637870788574,0.6206702589988708,395.5996513366699,643.396110534668,0.44739845395088196,395.4998302459717,640.0823593139648,0.676510751247406
16,16.307500016409904,177.03132799520242,351.8444323539734,95.00508785247803,0.8319794535636902,366.17268562316895,81.21402204036713,0.8152002692222595,364.1828727722168,81.38651490211487,0.7179610133171082,400.3499507904053,88.05190086364746,0.5940568447113037,397.10662364959717,86.80225968360901,0.8147069811820984,407.8011703491211,162.40873217582703,0.7652057409286499,397.49024391174316,157.96348571777344,0.6684326529502869,403.94702911376953,276.4225172996521,0.7982237935066223,391.37094497680664,269.23155784606934,0.5466253161430359,375.78216075897217,370.9910488128662,0.7241677045822144,370.25882720947266,356.07255935668945,0.41877374053001404,389.27830696105957,340.24158239364624,0.7484678030014038,378.41291427612305,338.7049341201782,0.8090044260025024,378.1911277770996,498.5068702697754,0.6474973559379578,383.79814624786377,501.9491958618164,0.6202607154846191,395.6320095062256,643.3822917938232,0.44893407821655273,395.5312442779541,639.9958419799805,0.6757216453552246
17,15.888499969150871,177.0425122753471,351.8420076370239,95.00010967254639,0.831924557685852,366.1731147766113,81.2090277671814,0.8151458501815796,364.183988571167,81.3812255859375,0.7179167866706848,400.3469467163086,88.04567277431488,0.5937934517860413,397.10357666015625,86.7946207523346,0.8148807883262634,407.77979850769043,162.39522457122803,0.7648630142211914,397.50054359436035,157.95837879180908,0.6683873534202576,403.9561700820923,276.36807918548584,0.7981300950050354,391.41016960144043,269.2154002189636,0.5460777282714844,375.76881408691406,370.9925937652588,0.7242450714111328,370.2595567703247,356.09195709228516,0.4188189208507538,389.26586151123047,340.2332353591919,0.7481034398078918,378.4207248687744,338.6955142021179,0.8089918494224548,378.1953763961792,498.5018491744995,0.6475485563278198,383.8035535812378,501.95932388305664,0.6204260587692261,395.6141996383667,643.3831930160522,0.4474291503429413,395.51012992858887,640.0438642501831,0.6765722632408142
18,17.722100019454956,177.0230251784323,351.8443465232849,95.00504493713379,0.8319829106330872,366.17268562316895,81.21408104896545,0.8152017593383789,364.1828727722168,81.38653635978699,0.7179611325263977,400.34982204437256,88.05207252502441,0.594065248966217,397.10662364959717,86.8023669719696,0.8147080540657043,407.8010845184326,162.40912914276123,0.7652328014373779,397.4901580810547,157.96361446380615,0.6684672236442566,403.9466428756714,276.42449140548706,0.7982475757598877,391.36970043182373,269.2322874069214,0.5466641187667847,375.78091621398926,370.9903621673584,0.7241297364234924,370.25633811950684,356.0704779624939,0.41889137029647827,389.2825126647949,340.24083137512207,0.7485554814338684,378.40441703796387,338.69978427886963,0.809029221534729,378.2032299041748,498.51558208465576,0.6478786468505859,383.7858295440674,501.9461917877197,0.6199207305908203,395.6350564956665,643.3953809738159,0.4491892457008362,395.53497791290283,639.9835681915283,0.6754536032676697
19,16.301700030453503,177.0413920001868,351.84202909469604,95.00008821487427,0.8319247364997864,366.1732006072998,81.2090277671814,0.8151454925537109,364.18407440185547,81.38122022151947,0.71791672706604,400.3469467163086,88.04571568965912,0.5937970876693726,397.10357666015625,86.79463148117065,0.8148803114891052,407.7800989151001,162.39535331726074,0.7648707032203674,397.499942779541,157.95842170715332,0.6683889627456665,403.95724296569824,276.367564201355,0.7981505393981934,391.4091396331787,269.21464920043945,0.5460825562477112,375.76945781707764,370.99207878112793,0.7242417931556702,370.2596426010132,356.0916996002197,0.4188055396080017,389.26586151123047,340.2350378036499,0.7481396794319153,378.4187936782837,338.69680166244507,0.8089989423751831,378.19713592529297,498.50515365600586,0.64763343334198,383.79913330078125,501.96155548095703,0.6204105615615845,395.60977935791016,643.3813047409058,0.4475276470184326,395.5059242248535,640.0418472290039,0.6764460206031799
20,17.352199996821582,177.02136826952275,351.84428215026855,95.00516295433044,0.8319864273071289,366.17268562316895,81.21423661708832,0.8152034878730774,364.1828727722168,81.38669192790985,0.7179619073867798,400.34982204437256,88.05221736431122,0.594072163105011,397.10662364959717,86.8025279045105,0.8147052526473999,407.80125617980957,162.40878582000732,0.765229344367981,397.4902009963989,157.9633355140686,0.6684592366218567,403.9466428756714,276.42412662506104,0.7982460260391235,391.3687562942505,269.23155784606934,0.5466595888137817,375.78134536743164,370.9903621673584,0.7241408824920654,370.25736808776855,356.07064962387085,0.41885218024253845,389.2815685272217,340.2418613433838,0.7485402226448059,378.40441703796387,338.700749874115,0.8090128898620605,378.20138454437256,498.51330757141113,0.6477696299552917,383.7846279144287,501.9476079940796,0.619953453540802,395.63642978668213,643.3910465240479,0.4490337669849396,395.53678035736084,639.9851989746094,0.675737202167511
21,15.619700017850846,177.0413920001868,351.84202909469604,95.00008821487427,0.8319247364997864,366.1732006072998,81.2090277671814,0.8151454925537109,364.18407440185547,81.38122022151947,0.71791672706604,400.3469467163086,88.04571568965912,0.5937970876693726,397.10357666015625,86.79463148117065,0.8148803114891052,407.7800989151001,162.39535331726074,0.7648707032203674,397.499942779541,157.95842170715332,0.6683889627456665,403.95724296569824,276.367564201355,0.7981505393981934,391.4091396331787,269.21464920043945,0.5460825562477112,375.76945781707764,370.99207878112793,0.7242417931556702,370.2596426010132,356.0916996002197,0.4188055396080017,389.26586151123047,340.2350378036499,0.7481396794319153,378.4187936782837,338.69680166244507,0.8089989423751831,378.19713592529297,498.50515365600586,0.64763343334198,383.79913330078125,501.96155548095703,0.6204105615615845,395.60977935791016,643.3813047409058,0.4475276470184326,395.5059242248535,640.0418472290039,0.6764460206031799
22,15.875599987339228,177.02136826952275,351.84428215026855,95.00516295433044,0.8319864273071289,366.17268562316895,81.21423661708832,0.8152034878730774,364.1828727722168,81.38669192790985,0.7179619073867798,400.34982204437256,88.05221736431122,0.594072163105011,397.10662364959717,86.8025279045105,0.8147052526473999,407.80125617980957,162.40878582000732,0.765229344367981,397.4902009963989,157.9633355140686,0.6684592366218567,403.9466428756714,276.42412662506104,0.7982460260391235,391.3687562942505,269.23155784606934,0.5466595888137817,375.78134536743164,370.9903621673584,0.7241408824920654,370.25736808776855,356.07064962387085,0.41885218024253845,389.2815685272217,340.2418613433838,0.7485402226448059,378.40441703796387,338.700749874115,0.8090128898620605,378.20138454437256,498.51330757141113,0.6477696299552917,383.7846279144287,501.9476079940796,0.619953453540802,395.63642978668213,643.3910465240479,0.4490337669849396,395.53678035736084,639.9851989746094,0.675737202167511
23,15.551999968010932,177.0413920001868,351.84202909469604,95.00008821487427,0.8319247364997864,366.1732006072998,81.2090277671814,0.8151454925537109,364.18407440185547,81.38122022151947,0.71791672706604,400.3469467163086,88.04571568965912,0.5937970876693726,397.10357666015625,86.79463148117065,0.8148803114891052,407.7800989151001,162.39535331726074,0.7648707032203674,397.499942779541,157.95842170715332,0.6683889627456665,403.95724296569824,276.367564201355,0.7981505393981934,391.4091396331787,269.21464920043945,0.5460825562477112,375.76945781707764,370.99207878112793,0.7242417931556702,370.2596426010132,356.0916996002197,0.4188055396080017,389.26586151123047,340.2350378036499,0.7481396794319153,378.4187936782837,338.69680166244507,0.8089989423751831,378.19713592529297,498.50515365600586,0.64763343334198,383.79913330078125,501.96155548095703,0.6204105615615845,395.60977935791016,643.3813047409058,0.4475276470184326,395.5059242248535,640.0418472290039,0.6764460206031799
24,15.814099984709173,177.0807962761767,351.83565616607666,95.0201940536499,0.8324753642082214,366.16710662841797,81.25526905059814,0.815654993057251,364.1836881637573,81.42552495002747,0.7182517051696777,400.3230857849121,88.05906772613525,0.5944840908050537,397.11207389831543,86.82013392448425,0.8142136335372925,407.7591133117676,162.3760199546814,0.7640811204910278,397.48775482177734,157.92638540267944,0.6669071316719055,403.96307945251465,276.35387420654297,0.7982443571090698,391.36691093444824,269.1620135307312,0.5452754497528076,375.73817253112793,371.07945442199707,0.723126232624054,370.22539615631104,356.0908842086792,0.41962897777557373,389.2531156539917,340.23787021636963,0.7475565671920776,378.3088445663452,338.64384412765503,0.8085590600967407,378.3121061325073,498.65321159362793,0.6471105813980103,383.8923454284668,501.916708946228,0.6158679127693176,395.7828998565674,643.677978515625,0.4555809795856476,395.6752681732178,639.9870014190674,0.6712376475334167
25,16.038000001572073,177.10506802288305,351.8381881713867,95.00656843185425,0.8320143818855286,366.17079734802246,81.2192577123642,0.8152788877487183,364.1788387298584,81.38896107673645,0.7178488969802856,400.36763191223145,88.05887460708618,0.5943122506141663,397.11567878723145,86.80632054805756,0.8146657943725586,407.81477451324463,162.38401293754578,0.7648724913597107,397.45715618133545,157.9306983947754,0.6676576137542725,403.9904594421387,276.35136365890503,0.7987419366836548,391.3765239715576,269.1331744194031,0.5454573035240173,375.7943916320801,371.0232353210449,0.723562479019165,370.23436546325684,355.9871578216553,0.4199153482913971,389.3181324005127,340.24012327194214,0.7490079998970032,378.30103397369385,338.64041090011597,0.8088523149490356,378.25292587280273,498.4979438781738,0.6496520042419434,383.84161949157715,501.85920238494873,0.6196197867393494,395.6584882736206,643.5887145996094,0.4505006670951843,395.52738189697266,639.8905277252197,0.6765774488449097
26,15.556700003799051,176.7447655831383,351.5679717063904,94.43547248840332,0.8185697197914124,365.44432640075684,80.81294059753418,0.8017604351043701,363.4079933166504,81.03893280029297,0.6991490721702576,399.17728900909424,88.00420045852661,0.610494077205658,396.10416412353516,86.78645610809326,0.8205516338348389,407.67165184020996,162.51283407211304,0.8491861820220947,402.0519733428955,159.57802534103394,0.825821042060852,404.8408269882202,275.3042507171631,0.7692949771881104,396.7906379699707,267.22423553466797,0.6317794919013977,370.8094310760498,366.2531518936157,0.7559282183647156,373.9307498931885,352.0169734954834,0.3879644274711609,385.0247526168823,339.75191831588745,0.8380751013755798,383.508038520813,338.7820529937744,0.8131803274154663,233.5400676727295,302.74500846862793,0.6651968955993652,386.0990524291992,502.57657527923584,0.7161177396774292,246.87068939208984,449.54089164733887,0.7559770345687866,396.37285709381104,643.7780141830444,0.8166508674621582
27,14.690899988636374,176.23184027976063,351.96511030197144,94.06944751739502,0.7900254130363464,364.6636962890625,80.23111045360565,0.8050508499145508,362.5281858444214,80.68553566932678,0.7051372528076172,397.76309967041016,88.1136292219162,0.6243512630462646,394.893479347229,87.22019076347351,0.8145467638969421,408.279333114624,162.40362524986267,0.8839211463928223,400.2708578109741,159.76471781730652,0.8402035236358643,404.08058166503906,273.82545232772827,0.8038837313652039,396.7699956893921,267.6161813735962,0.6529636383056641,375.2264070510864,363.9737033843994,0.5577380657196045,373.24976921081543,356.10618352890015,0.2839077413082123,381.76331520080566,337.42146492004395,0.8806877136230469,380.62657356262207,338.02704334259033,0.8400595188140869,230.54766654968262,307.2300052642822,0.6548325419425964,384.17524337768555,507.50819206237793,0.8707122206687927,243.43769788742065,447.9659843444824,0.8278158903121948,396.1419725418091,645.183277130127,0.8497505784034729
28,14.779800025280565,179.85956587477045,348.72326374053955,93.37675094604492,0.7142230868339539,361.683611869812,78.8913094997406,0.7423387765884399,358.3856749534607,78.44349324703217,0.7705509066581726,395.39138317108154,88.31859290599823,0.664338231086731,391.5797710418701,87.51181125640869,0.7766258716583252,407.55290508270264,163.82737398147583,0.8882574439048767,395.4897451400757,161.31210565567017,0.8514386415481567,404.9436950683594,271.36906385421753,0.8189273476600647,390.70245265960693,266.1492919921875,0.5421900749206543,377.32428073883057,365.68233489990234,0.5136933326721191,372.6238489151001,352.60984897613525,0.2750227451324463,381.6790723800659,334.3097162246704,0.9002023339271545,377.42457389831543,335.2945804595947,0.8419489860534668,224.24278020858765,302.9715156555176,0.6785476207733154,388.7322950363159,502.9463768005371,0.6849320530891418,245.3579878807068,444.3753433227539,0.8346444964408875,398.12509059906006,647.4823379516602,0.7910753488540649
29,16.116399958264083,174.2131482238239,346.09403371810913,90.80622911453247,0.5343044400215149,358.72565031051636,77.14448869228363,0.6368623971939087,352.95390129089355,77.34055280685425,0.694696307182312,393.21742057800293,88.32103908061981,0.7730550765991211,383.87904167175293,88.52069735527039,0.719875156879425,405.89040756225586,163.3560562133789,0.8553187251091003,384.60731506347656,162.65360713005066,0.744295060634613,408.2783889770508,274.83067989349365,0.8274469375610352,383.28243255615234,266.0737609863281,0.3497842252254486,378.32133293151855,362.16580867767334,0.6585590839385986,370.58537006378174,353.18485021591187,0.24001479148864746,381.1714267730713,330.70868968963623,0.8910256624221802,372.31739044189453,332.1301746368408,0.7841317653656006,227.99519062042236,300.4064655303955,0.6455694437026978,394.29704189300537,501.48064613342285,0.6728696227073669,246.73396110534668,442.36398696899414,0.8039965629577637,398.4111213684082,648.0235433578491,0.6556511521339417
30,16.169500013347715,79.04410726465663,345.7853651046753,88.95928144454956,0.4748721420764923,357.6108169555664,77.69476532936096,0.5910689830780029,350.3880572319031,77.89934813976288,0.6250516772270203,389.67055320739746,90.70873618125916,0.672806978225708,381.70297622680664,89.00134921073914,0.6826265454292297,403.2580232620239,163.05018782615662,0.8137763738632202,367.58129596710205,162.36812353134155,0.6248186826705933,408.4025001525879,273.095805644989,0.8099610805511475,368.31278800964355,264.24569606781006,0.22298671305179596,375.2729272842407,354.48713779449463,0.7121689915657043,268.1824493408203,300.98676681518555,0.2888476550579071,381.73095703125,328.2945728302002,0.8490068912506104,362.6944828033447,328.4026765823364,0.758124053478241,234.8790693283081,300.7488226890564,0.5472692251205444,394.25700187683105,496.9864225387573,0.3929935693740845,247.38359212875366,443.7573194503784,0.757317304611206,583.3763408660889,422.26093769073486,0.4488787353038788
31,14.771000016480684,72.97205556497605,343.1396555900574,90.49769997596741,0.4435977637767792,356.0308885574341,80.0352394580841,0.5176479816436768,347.011456489563,80.08555769920349,0.5052254796028137,383.41564178466797,90.544992685318,0.4586407542228699,360.0922679901123,88.05157363414764,0.46946001052856445,403.4852170944214,161.22041702270508,0.7167292833328247,326.98501110076904,159.07638788223267,0.43955597281455994,407.8008270263672,267.7010250091553,0.8776872158050537,205.14811277389526,236.17069244384766,0.8352382779121399,380.67601203918457,355.0948190689087,0.8236626982688904,267.75033473968506,297.58469581604004,0.6734982132911682,382.2561550140381,328.87835025787354,0.8628339767456055,328.0533456802368,324.07968521118164,0.7305610775947571,385.22263526916504,500.95433235168457,0.7608150839805603,235.19516229629517,305.05863904953003,0.7241837382316589,393.5166263580322,647.182788848877,0.6708795428276062,248.48636627197266,444.32530403137207,0.7944960594177246
32,16.61009999224916,73.07648341005454,342.56903171539307,91.7193603515625,0.3854047656059265,353.9962935447693,82.55531430244446,0.43717697262763977,343.8212585449219,81.6916698217392,0.35643741488456726,372.55393981933594,93.41104030609131,0.46865639090538025,351.06165647506714,89.19892072677612,0.405602365732193,395.0093078613281,164.28712606430054,0.6545054912567139,274.65253829956055,154.44421291351318,0.8093379735946655,406.0218572616577,269.6229028701782,0.819013774394989,205.85492849349976,236.40129804611206,0.8866223096847534,381.9987916946411,354.0685844421387,0.7859918475151062,272.51423835754395,293.6527705192566,0.7115610241889954,375.2295398712158,326.99061155319214,0.8289528489112854,312.03373432159424,324.8860216140747,0.5938775539398193,386.1357021331787,500.67954540252686,0.770352303981781,243.2412314414978,307.3047208786011,0.6082347631454468,393.350887298584,648.4383201599121,0.6800594329833984,249.38642978668213,443.29748153686523,0.6452990174293518
33,15.045199950691313,174.84991273187663,346.1282801628113,94.06496286392212,0.40512222051620483,355.1112985610962,84.6033525466919,0.436080664396286,343.6977481842041,83.25313925743103,0.3367857336997986,366.29971504211426,94.82343792915344,0.4247922897338867,332.43021726608276,89.25261855125427,0.38882243633270264,392.54931449890137,166.03270769119263,0.6214991211891174,272.92789936065674,153.63687872886658,0.7894307971000671,404.98334884643555,269.0355634689331,0.8101642727851868,206.29517555236816,235.07433414459229,0.9164412021636963,383.7216281890869,354.47911262512207,0.691781222820282,269.8449468612671,291.7297339439392,0.7632042765617371,372.02526569366455,328.5890579223633,0.8288418054580688,300.36415100097656,321.4184832572937,0.7637094259262085,387.48950958251953,501.6456127166748,0.604411244392395,308.4443163871765,506.0304021835327,0.4698902368545532,392.11329460144043,648.931074142456,0.7016477584838867,301.54234886169434,655.493860244751,0.6457989811897278
34,14.474900031927973,173.27629856890252,348.1046175956726,94.7166645526886,0.4249718487262726,357.180118560791,85.58447778224945,0.5062024593353271,343.3491039276123,83.8941764831543,0.34743261337280273,363.6350154876709,94.83028292655945,0.3848787248134613,326.7778158187866,88.94667506217957,0.37519869208335876,399.03236389160156,166.37712478637695,0.7200687527656555,270.9067153930664,154.05985236167908,0.8048185110092163,405.39949893951416,267.08240032196045,0.8145327568054199,207.34123706817627,233.47754001617432,0.8071436285972595,387.5529384613037,342.75296688079834,0.5425452589988708,266.8610429763794,291.9880199432373,0.7797964811325073,375.24953842163086,329.9813175201416,0.8658068180084229,299.812216758728,326.98872327804565,0.7274147272109985,390.50405502319336,503.00963401794434,0.6187767386436462,311.2004256248474,503.8831329345703,0.6757784485816956,393.4266757965088,649.8237991333008,0.6887046098709106,303.19952487945557,654.5287799835205,0.8251029253005981
35,14.615599997341633,171.55965446226773,346.2170934677124,95.35306692123413,0.4706936478614807,354.3649363517761,86.48894011974335,0.46335092186927795,337.24085569381714,84.58711981773376,0.476997435092926,339.11473274230957,95.40106773376465,0.631475567817688,304.25801038742065,90.94688415527344,0.4608663022518158,396.64429664611816,164.87337112426758,0.7084745764732361,268.79772663116455,153.24445009231567,0.782574474811554,405.9218645095825,263.9141321182251,0.7386485934257507,206.4668369293213,233.7336802482605,0.8268932700157166,386.85770988464355,336.0176610946655,0.6044952273368835,264.8395586013794,296.8178629875183,0.6914110779762268,374.7768259048462,329.06164169311523,0.8731986880302429,299.46786403656006,327.8235125541687,0.7562795281410217,392.2201108932495,501.3694953918457,0.697565495967865,314.1784715652466,504.22881603240967,0.7443310022354126,393.2818794250488,650.6174755096436,0.6883199214935303,304.4517517089844,655.7321691513062,0.8742052316665649
36,15.145099954679608,170.76419149094738,344.3264579772949,96.42692685127258,0.6219439506530762,344.28658962249756,87.07497596740723,0.4638543725013733,330.6635642051697,83.65877509117126,0.5581012964248657,332.4748492240906,96.23246669769287,0.5198206305503845,296.60759925842285,91.69614315032959,0.6960321068763733,382.5161361694336,166.15291357040405,0.5260049700737,267.6382613182068,152.59732961654663,0.7710007429122925,405.4064083099365,264.46203231811523,0.7362934350967407,204.73760604858398,234.03814315795898,0.7605305910110474,387.22394943237305,334.6529531478882,0.5977212190628052,264.2444944381714,296.93373441696167,0.7297602891921997,371.79931640625,328.58251333236694,0.880348801612854,298.1208801269531,329.6019244194031,0.761318564414978,394.40252780914307,500.5800247192383,0.6410426497459412,314.8567485809326,505.41478157043457,0.7469093203544617,393.84119510650635,649.2634534835815,0.6654743552207947,304.85034942626953,656.142783164978,0.8985412120819092
37,15.106900013051927,169.6117027516032,345.4906225204468,96.19487285614014,0.6104640364646912,341.24829053878784,87.30171382427216,0.5537530183792114,330.37800550460815,84.73994672298431,0.6225306391716003,312.4665355682373,93.20920944213867,0.5835340023040771,294.59263801574707,92.33315706253052,0.775436282157898,363.53339195251465,168.7373399734497,0.5508031845092773,267.712140083313,151.60706877708435,0.7773023843765259,402.40336418151855,263.26452255249023,0.7040331363677979,203.17145347595215,234.02295112609863,0.7216874361038208,385.76268196105957,331.10488414764404,0.6025204062461853,262.1571135520935,291.7705035209656,0.8267312049865723,365.20378589630127,326.9238352775574,0.8781333565711975,294.4927740097046,330.2818536758423,0.746687650680542,395.3037929534912,499.71922874450684,0.5505229830741882,315.83457469940186,507.2825002670288,0.7514832615852356,397.6881694793701,648.588137626648,0.5781012177467346,306.63406133651733,657.1487188339233,0.9122270941734314
38,16.237400006502867,169.83060877178295,347.3213481903076,96.7299735546112,0.5982892513275146,341.13304138183594,87.72623777389526,0.5664099454879761,333.38119983673096,87.14248180389404,0.5235779881477356,310.0236654281616,92.85693883895874,0.6575963497161865,294.6479558944702,92.72571444511414,0.8078342080116272,345.33522605895996,169.2370355129242,0.6524786949157715,267.6449775695801,150.62358856201172,0.7771286964416504,384.20438289642334,265.00778675079346,0.2696310579776764,202.86465167999268,234.14560317993164,0.7264174818992615,384.99217987060547,320.66911697387695,0.6146072149276733,262.4778628349304,291.6160297393799,0.8263251185417175,360.2089548110962,328.26356649398804,0.8732240796089172,293.7098264694214,332.3531413078308,0.7843019366264343,444.9674463272095,383.27479362487793,0.5323357582092285,315.3046131134033,508.7643241882324,0.744501531124115,579.9532413482666,422.1484565734863,0.7787253856658936,307.02330350875854,657.3311519622803,0.9057285189628601
39,16.541299992240965,168.3757927489596,345.42970418930054,96.14155054092407,0.6395829916000366,338.1043767929077,87.60947585105896,0.6373775005340576,330.2471137046814,86.8018090724945,0.6524975299835205,306.14531993865967,93.01355838775635,0.6851791739463806,293.0738639831543,93.61890077590942,0.8319830298423767,333.4043312072754,169.3690323829651,0.771825909614563,269.92416858673096,151.21469378471375,0.8810370564460754,338.16662549972534,261.09407901763916,0.3438946604728699,204.36941385269165,234.8729968070984,0.773176372051239,383.94362926483154,311.0474109649658,0.5276048183441162,264.25724029541016,292.64554738998413,0.8106301426887512,353.5241389274597,330.84301471710205,0.9247063398361206,293.6048126220703,333.6624026298523,0.8205500245094299,446.38227939605713,380.89359283447266,0.5845082402229309,317.63354301452637,508.5517644882202,0.7748335003852844,580.7457160949707,423.6800193786621,0.7957154512405396,307.7195620536804,657.7706909179688,0.9137827754020691
40,18.968599964864552,168.0053880182211,343.71920585632324,96.5278422832489,0.6779393553733826,337.6395606994629,88.25198829174042,0.6148431897163391,329.60155963897705,87.63612627983093,0.6606157422065735,306.47364377975464,93.44424605369568,0.7108291983604431,293.1907653808594,93.82982969284058,0.8519522547721863,325.60644149780273,168.31722021102905,0.6623925566673279,268.30020904541016,150.25646924972534,0.800582766532898,329.41723823547363,257.51948833465576,0.3288927376270294,205.0355887413025,235.13126134872437,0.7912214994430542,359.5300555229187,292.4350905418396,0.38005420565605164,265.77616453170776,294.5943546295166,0.8181990385055542,347.22800731658936,332.02125549316406,0.9207108020782471,292.4240183830261,337.3812747001648,0.833468496799469,443.12294483184814,375.3758382797241,0.8019424080848694,316.9880962371826,508.3480453491211,0.8273791074752808,583.2466077804565,425.2057886123657,0.8181203603744507,307.1116018295288,656.3251304626465,0.9186646938323975
41,16.614999971352518,168.05501247290357,342.28134870529175,96.079580783844,0.7544381618499756,337.09814071655273,86.95866465568542,0.6698575615882874,326.93681716918945,87.16464757919312,0.7107417583465576,308.59323263168335,92.95126676559448,0.7166227698326111,291.8773412704468,94.76028800010681,0.8627864122390747,323.18668127059937,166.03084087371826,0.6954189538955688,269.7598457336426,152.48880743980408,0.9043633937835693,330.14034032821655,253.32889080047607,0.43369945883750916,201.20118856430054,236.55163049697876,0.7505353689193726,346.3575339317322,288.90172004699707,0.42645686864852905,266.2933158874512,295.4161834716797,0.8517762422561646,344.296395778656,335.1415014266968,0.9285094738006592,292.12878227233887,339.8983669281006,0.8313639760017395,433.47021102905273,368.9683198928833,0.6808480620384216,315.9963011741638,509.45380210876465,0.8488720655441284,583.2522296905518,424.48326587677,0.8444241881370544,305.95247983932495,655.5650997161865,0.9227249026298523
42,16.075899999123067,168.71327725733755,342.05715894699097,96.27675533294678,0.7770017981529236,337.4305200576782,87.09458827972412,0.6436755061149597,325.78222274780273,87.73910701274872,0.7137511372566223,314.18962955474854,92.18364000320435,0.5152934193611145,292.0178031921387,94.8404860496521,0.8660822510719299,325.53346395492554,163.91016840934753,0.7817270755767822,268.2285404205322,152.21351623535156,0.8319044709205627,331.1894702911377,248.23883056640625,0.5070412158966064,206.97246551513672,234.84941482543945,0.8556530475616455,332.28052854537964,294.86549377441406,0.5188086628913879,267.7362585067749,294.9813437461853,0.8673431873321533,338.78443479537964,334.24023628234863,0.9471660852432251,291.32587909698486,338.10645818710327,0.8569303750991821,435.7816743850708,368.91265869140625,0.8399738073348999,314.37583923339844,507.5866413116455,0.836545467376709,583.2498264312744,422.3947048187256,0.8787177801132202,305.1616144180298,656.4556789398193,0.9255145192146301
43,18.34949996555224,168.61553511663348,342.27954626083374,96.4644455909729,0.7789891362190247,337.7630281448364,85.32865405082703,0.5890681743621826,326.0190939903259,88.17574381828308,0.6843714118003845,314.3099641799927,91.90116047859192,0.5109238624572754,292.1489095687866,94.77531909942627,0.8713630437850952,324.3073081970215,161.2280774116516,0.7865297794342041,268.6369228363037,153.22237014770508,0.837425172328949,329.48564529418945,251.12287044525146,0.551710844039917,207.1640396118164,234.8495650291443,0.8467084765434265,327.65303134918213,292.38593101501465,0.5087207555770874,268.46060514450073,295.17624378204346,0.8596851825714111,336.5713119506836,333.53811979293823,0.9464515447616577,292.0992350578308,338.6498737335205,0.8572528958320618,437.1574115753174,370.5776882171631,0.8543199896812439,314.7582149505615,503.9718818664551,0.701124370098114,583.2570362091064,422.4289083480835,0.8812013864517212,305.088529586792,658.5214948654175,0.9185170531272888
44,15.46479994431138,169.42037342779076,342.3745393753052,97.03168988227844,0.7591184377670288,337.18590259552,85.6903874874115,0.6290907263755798,327.2105312347412,85.00361859798431,0.4535594582557678,310.1750922203064,93.10734987258911,0.7336050868034363,292.5221014022827,94.66693639755249,0.8775253295898438,324.2737913131714,158.90100359916687,0.8968466520309448,268.2806396484375,153.88665676116943,0.8375875353813171,316.187961101532,247.8642439842224,0.4723077714443207,207.0561933517456,234.70839500427246,0.8509883284568787,322.0751738548279,291.7234683036804,0.5552724599838257,267.76368141174316,294.1834831237793,0.8599627614021301,333.9139938354492,333.39787244796753,0.9441691040992737,293.3387804031372,339.391086101532,0.8642793893814087,438.40397357940674,372.3033142089844,0.8506221175193787,314.3657970428467,503.2360553741455,0.6955538392066956,582.6008176803589,422.6649856567383,0.889728844165802,305.48187017440796,658.8923263549805,0.9192271828651428
45,16.138399951159954,169.73477775918198,342.4841022491455,96.84764742851257,0.7659761905670166,336.8510341644287,85.8547854423523,0.6242631673812866,327.79510259628296,84.64916467666626,0.469038188457489,309.611291885376,93.09301614761353,0.7315478324890137,293.3487796783447,94.09727811813354,0.8871632218360901,323.1067085266113,160.64472913742065,0.8935481309890747,269.77379322052,152.3822057247162,0.8540443778038025,319.6446418762207,251.43014430999756,0.47352540493011475,207.96295166015625,233.9274001121521,0.8752962946891785,321.6730785369873,293.024640083313,0.5498572587966919,267.1848177909851,293.33682775497437,0.8619800209999084,332.5205326080322,333.0737543106079,0.9460498690605164,293.76896381378174,338.1013298034668,0.8825313448905945,441.0746383666992,373.22402000427246,0.8865029215812683,314.2747735977173,502.37972259521484,0.7229229807853699,582.3067617416382,422.55194664001465,0.8906340599060059,305.65102100372314,659.0722274780273,0.9234236478805542
46,17.725299985613674,169.76586152774277,342.46599197387695,96.88379287719727,0.7668367028236389,336.8771696090698,85.88957905769348,0.6283544898033142,327.76572704315186,84.67531621456146,0.47039252519607544,309.72145557403564,93.05870532989502,0.7312968969345093,293.3161211013794,94.06509160995483,0.8861786723136902,322.94440269470215,160.5352520942688,0.8937183022499084,269.61878299713135,152.29598879814148,0.8524866104125977,318.81352186203003,251.34759664535522,0.47407323122024536,208.16976070404053,233.83137702941895,0.8796517252922058,321.7348337173462,293.095965385437,0.5561037659645081,267.210373878479,293.27749729156494,0.8629690408706665,332.33683347702026,332.9248380661011,0.9462002515792847,293.6945056915283,337.91348934173584,0.8820447325706482,441.0348129272461,373.3314800262451,0.8884552121162415,314.3407344818115,502.21964836120605,0.7249515056610107,582.432074546814,422.522292137146,0.8932214379310608,305.91426372528076,659.2279243469238,0.9243226051330566
47,16.28290000371635,169.74721511584193,342.45667934417725,96.9398832321167,0.7652163505554199,336.8587589263916,85.93966662883759,0.6302756667137146,327.7941370010376,84.71509873867035,0.47111964225769043,309.6566963195801,93.07016372680664,0.7306111454963684,293.3353042602539,94.04996395111084,0.8863732218742371,323.031005859375,160.57061433792114,0.8934409618377686,269.3554973602295,152.44979739189148,0.8510504364967346,319.0698981285095,251.32877826690674,0.4718213975429535,208.08708429336548,233.91690731048584,0.8762811422348022,321.7605400085449,293.1534719467163,0.5550950169563293,267.4213671684265,293.34556102752686,0.8620077967643738,332.1663522720337,333.13814878463745,0.9450876712799072,293.5828399658203,338.14579010009766,0.8801372647285461,441.2014961242676,373.2117462158203,0.8896315097808838,314.29007291793823,502.55885124206543,0.7134844064712524,582.3829793930054,422.3059558868408,0.891421914100647,305.86705684661865,659.383749961853,0.9237316250801086
48,17.73469999898225,169.71888596166923,342.5017833709717,97.36680507659912,0.7521241307258606,336.9994783401489,86.46116852760315,0.6657477617263794,327.99577474594116,85.26568114757538,0.5128335356712341,312.6275110244751,93.2128357887268,0.49982011318206787,293.68725299835205,94.21900749206543,0.8875692486763,323.0759811401367,159.2445945739746,0.8997905254364014,269.98950719833374,151.9393515586853,0.8497279286384583,318.61379384994507,250.498366355896,0.46133044362068176,207.47174263000488,233.97982120513916,0.8632804751396179,321.010959148407,293.7127447128296,0.5303787589073181,267.6796317100525,293.55183362960815,0.8534318208694458,332.58366107940674,333.21481704711914,0.9467801451683044,293.1371855735779,338.36933612823486,0.8727672696113586,443.7419557571411,374.54134941101074,0.8899657726287842,314.0521287918091,502.14428901672363,0.7233738303184509,582.780590057373,422.46530055999756,0.8972987532615662,305.81120252609253,659.2055654525757,0.9233795404434204
49,16.022899944800884,169.69417634815923,342.504186630249,97.36715912818909,0.7522326111793518,336.9847583770752,86.48147821426392,0.6672887206077576,327.9991865158081,85.29731512069702,0.5146586894989014,312.62463569641113,93.24109554290771,0.5003917813301086,293.70450496673584,94.25844669342041,0.8876392841339111,323.02624225616455,159.30470824241638,0.8990780711174011,270.0386881828308,151.75814151763916,0.8490755558013916,318.29965353012085,250.6528615951538,0.4603351652622223,207.57529735565186,233.91368865966797,0.8670492768287659,320.85543394088745,293.6526846885681,0.5292308926582336,267.646586894989,293.4655737876892,0.8542891144752502,332.4600648880005,333.0745267868042,0.9467306137084961,293.0793356895447,338.28346252441406,0.8724439740180969,443.43506813049316,374.15931701660156,0.8905894160270691,314.0633726119995,502.09060192108154,0.7251250743865967,582.7097797393799,422.4759006500244,0.8988880515098572,305.8131766319275,659.2056083679199,0.9229196906089783
50,17.75840000482276,169.65056065677078,342.50487327575684,97.37457275390625,0.7517303228378296,337.0055079460144,86.49140775203705,0.6680083870887756,327.9932641983032,85.30730903148651,0.5155460238456726,312.6807475090027,93.2365357875824,0.502249538898468,293.6973810195923,94.26138639450073,0.887602686882019,323.0131530761719,159.25933599472046,0.8995710015296936,270.01441955566406,151.74941897392273,0.8480340838432312,318.22060346603394,250.36691665649414,0.46067818999290466,207.5612211227417,233.8892698287964,0.8665485382080078,320.85442543029785,293.49621534347534,0.5268293023109436,267.7574586868286,293.4254264831543,0.8531637787818909,332.6131010055542,333.16383361816406,0.9465299248695374,293.1949496269226,338.3836054801941,0.8729590773582458,443.5852289199829,374.19562339782715,0.8909355401992798,314.1268229484558,501.914005279541,0.7288138270378113,582.7052307128906,422.3929023742676,0.8977760076522827,305.73612213134766,659.117546081543,0.9229906797409058
51,18.256700015626848,169.69180432606413,342.50590324401855,97.37869262695312,0.7516847252845764,337.00544357299805,86.48751854896545,0.667517900466919,327.99294233322144,85.30513644218445,0.5149948000907898,312.6813268661499,93.24000120162964,0.5018291473388672,293.7031316757202,94.26416516304016,0.8876243829727173,323.1085538864136,159.32297945022583,0.8989372849464417,270.027551651001,151.7919909954071,0.8483819365501404,318.25064420700073,250.4966926574707,0.4600631892681122,207.5801682472229,233.88858318328857,0.866578221321106,321.05578422546387,293.5443878173828,0.5316099524497986,267.68990993499756,293.44521045684814,0.853776752948761,332.5455093383789,333.1343936920166,0.9466066360473633,293.09746742248535,338.3370852470398,0.8723009824752808,443.5154056549072,374.2343759536743,0.8904698491096497,314.1038203239441,501.7889928817749,0.7300981283187866,582.6984930038452,422.3681831359863,0.8973706364631653,305.9044146537781,659.0382385253906,0.9243181347846985
52,15.945599996484816,169.70142363635898,342.5067400932312,97.37451910972595,0.7517411112785339,337.0039629936218,86.48908495903015,0.6676441431045532,327.9946804046631,85.3062629699707,0.5152546167373657,312.67733573913574,93.24176073074341,0.5019071102142334,293.70296001434326,94.26557064056396,0.8876702189445496,323.0817747116089,159.2949664592743,0.8991051912307739,270.01137256622314,151.7936110496521,0.8481383323669434,318.20457458496094,250.44708251953125,0.46001383662223816,207.57461071014404,233.88298273086548,0.8664467334747314,320.87056159973145,293.54138374328613,0.5272424817085266,267.66984701156616,293.4428930282593,0.8537716865539551,332.57389783859253,333.16640853881836,0.946514904499054,293.1626772880554,338.3769965171814,0.8727940320968628,443.5551452636719,374.22926902770996,0.8906808495521545,314.10937786102295,501.8564987182617,0.7291350364685059,582.7026557922363,422.4024295806885,0.8977138996124268,305.879545211792,659.047122001648,0.9238792657852173
53,15.975599992088974,169.69260973797512,342.5068259239197,97.37884283065796,0.7516225576400757,337.00587272644043,86.48696064949036,0.6675587296485901,327.99352169036865,85.30432105064392,0.5151894688606262,312.6830005645752,93.23877811431885,0.5019615292549133,293.70124340057373,94.26155805587769,0.887580931186676,323.10155868530273,159.32334423065186,0.898980975151062,270.02933263778687,151.7832362651825,0.8483846783638,318.1577754020691,250.5076789855957,0.4595644176006317,207.58664846420288,233.89660835266113,0.8667036890983582,320.99703311920166,293.5721969604492,0.5313740372657776,267.6755118370056,293.4529781341553,0.8537808656692505,332.56752490997314,333.0933666229248,0.9467232823371887,293.1406831741333,338.297324180603,0.8732481598854065,443.50544929504395,374.2349338531494,0.8904980421066284,314.11821842193604,501.817102432251,0.7302586436271667,582.7088356018066,422.4003267288208,0.897578239440918,305.88658332824707,659.044075012207,0.9238635897636414
54,15.892800001893193,169.69764104814382,342.5067615509033,97.37405776977539,0.7517569661140442,337.0039629936218,86.48951947689056,0.6676377058029175,327.9939079284668,85.30559778213501,0.5151894092559814,312.67860174179077,93.24356317520142,0.5019343495368958,293.70330333709717,94.26610708236694,0.8876687288284302,323.0934691429138,159.3031632900238,0.8990833759307861,270.0106430053711,151.7893624305725,0.8481022715568542,318.22105407714844,250.4775094985962,0.45990100502967834,207.57549047470093,233.8830041885376,0.8664646744728088,320.87798595428467,293.5407614707947,0.5269528031349182,267.67351627349854,293.4432578086853,0.8537530899047852,332.56617307662964,333.1701421737671,0.946495771408081,293.15282821655273,338.3773612976074,0.8727065324783325,443.5469913482666,374.2286682128906,0.8906494975090027,314.10993576049805,501.85641288757324,0.729108989238739,582.7023983001709,422.3994255065918,0.8976283669471741,305.879545211792,659.0485382080078,0.9238713979721069
55,15.606199973262846,169.6946472937951,342.50646114349365,97.38155722618103,0.7515625953674316,337.0069670677185,86.48466467857361,0.6675259470939636,327.99442291259766,85.30439078807831,0.5152916312217712,312.6835799217224,93.23575258255005,0.5019141435623169,293.7003421783447,94.2606246471405,0.8875950574874878,323.07141065597534,159.3116283416748,0.898966908454895,270.03493309020996,151.79336428642273,0.8485261797904968,318.10359477996826,250.4625964164734,0.45942404866218567,207.58349418640137,233.90077114105225,0.8666704297065735,321.0234260559082,293.5864448547363,0.5328887104988098,267.674503326416,293.4568405151367,0.8537365794181824,332.5538992881775,333.0961775779724,0.9466924667358398,293.1430220603943,338.30230236053467,0.8732645511627197,443.49781036376953,374.2316722869873,0.8904098868370056,314.11564350128174,501.82165145874023,0.7301747798919678,582.7096509933472,422.40285873413086,0.8976694345474243,305.88533878326416,659.042272567749,0.9238693714141846
56,16.547099978197366,169.70077483011724,342.507061958313,97.37802743911743,0.7516713738441467,337.0054864883423,86.48469686508179,0.6675443649291992,327.99596786499023,85.30449271202087,0.5153284668922424,312.6781725883484,93.23679327964783,0.5018332600593567,293.7018013000488,94.26278114318848,0.8876601457595825,323.0587077140808,159.29381847381592,0.8990204334259033,270.0207281112671,151.8002200126648,0.8483234643936157,318.13037395477295,250.40500402450562,0.45971307158470154,207.57328033447266,233.8913083076477,0.8665086030960083,320.94143629074097,293.57681035995483,0.530064582824707,267.6697826385498,293.4508967399597,0.8537240028381348,332.5528049468994,333.16595792770386,0.9464858770370483,293.1528925895691,338.3741855621338,0.8727835416793823,443.5269069671631,374.2227029800415,0.8904492855072021,314.1044211387634,501.8587303161621,0.7290594577789307,582.7025699615479,422.4036741256714,0.8977474570274353,305.8769702911377,659.0455341339111,0.9238752722740173
57,16.203499981202185,169.69431890062742,342.50701904296875,97.37746953964233,0.7516432404518127,337.00544357299805,86.48467540740967,0.6674903035163879,327.99611806869507,85.30441761016846,0.5152957439422607,312.67868757247925,93.23635339736938,0.5018027424812317,293.7022089958191,94.26177263259888,0.8876291513442993,323.06907176971436,159.29913997650146,0.8990132212638855,270.0217795372009,151.79898619651794,0.84836345911026,318.12878608703613,250.40781497955322,0.4597076177597046,207.57639169692993,233.8936471939087,0.8665367960929871,320.955491065979,293.58871936798096,0.5303924679756165,267.6730442047119,293.4582996368408,0.8536956906318665,332.5714087486267,333.1394147872925,0.9466046094894409,293.15778493881226,338.34075450897217,0.8731289505958557,443.5343313217163,374.23261642456055,0.8905812501907349,314.12109375,501.84139251708984,0.7299703359603882,582.7099514007568,422.4019145965576,0.897754430770874,305.88441610336304,659.0412425994873,0.9238979816436768
58,16.316200024448335,169.70077483011724,342.507061958313,97.37802743911743,0.7516713738441467,337.0054864883423,86.48469686508179,0.6675443649291992,327.99596786499023,85.30449271202087,0.5153284668922424,312.6781725883484,93.23679327964783,0.5018332600593567,293.7018013000488,94.26278114318848,0.8876601457595825,323.0587077140808,159.29381847381592,0.8990204334259033,270.0207281112671,151.8002200126648,0.8483234643936157,318.13037395477295,250.40500402450562,0.45971307158470154,207.57328033447266,233.8913083076477,0.8665086030960083,320.94143629074097,293.57681035995483,0.530064582824707,267.6697826385498,293.4508967399597,0.8537240028381348,332.5528049468994,333.16595792770386,0.9464858770370483,293.1528925895691,338.3741855621338,0.8727835416793823,443.5269069671631,374.2227029800415,0.8904492855072021,314.1044211387634,501.8587303161621,0.7290594577789307,582.7025699615479,422.4036741256714,0.8977474570274353,305.8769702911377,659.0455341339111,0.9238752722740173
59,19.55590001307428,169.69431890062742,342.50701904296875,97.37746953964233,0.7516432404518127,337.00544357299805,86.48467540740967,0.6674903035163879,327.99611806869507,85.30441761016846,0.5152957439422607,312.67868757247925,93.23635339736938,0.5018027424812317,293.7022089958191,94.26177263259888,0.8876291513442993,323.06907176971436,159.29913997650146,0.8990132212638855,270.0217795372009,151.79898619651794,0.84836345911026,318.12878608703613,250.40781497955322,0.4597076177597046,207.57639169692993,233.8936471939087,0.8665367960929871,320.955491065979,293.58871936798096,0.5303924679756165,267.6730442047119,293.4582996368408,0.8536956906318665,332.5714087486267,333.1394147872925,0.9466046094894409,293.15778493881226,338.34075450897217,0.8731289505958557,443.5343313217163,374.23261642456055,0.8905812501907349,314.12109375,501.84139251708984,0.7299703359603882,582.7099514007568,422.4019145965576,0.897754430770874,305.88441610336304,659.0412425994873,0.9238979816436768
60,18.06660002330318,169.71888596166923,342.5017833709717,97.36680507659912,0.7521241307258606,336.9994783401489,86.46116852760315,0.6657477617263794,327.99577474594116,85.26568114757538,0.5128335356712341,312.6275110244751,93.2128357887268,0.49982011318206787,293.68725299835205,94.21900749206543,0.8875692486763,323.0759811401367,159.2445945739746,0.8997905254364014,269.98950719833374,151.9393515586853,0.8497279286384583,318.61379384994507,250.498366355896,0.46133044362068176,207.47174263000488,233.97982120513916,0.8632804751396179,321.010959148407,293.7127447128296,0.5303787589073181,267.6796317100525,293.55183362960815,0.8534318208694458,332.58366107940674,333.21481704711914,0.9467801451683044,293.1371855735779,338.36933612823486,0.8727672696113586,443.7419557571411,374.54134941101074,0.8899657726287842,314.0521287918091,502.14428901672363,0.7233738303184509,582.780590057373,422.46530055999756,0.8972987532615662,305.81120252609253,659.2055654525757,0.9233795404434204
61,18.679599976167083,169.69417634815923,342.504186630249,97.36715912818909,0.7522326111793518,336.9847583770752,86.48147821426392,0.6672887206077576,327.9991865158081,85.29731512069702,0.5146586894989014,312.62463569641113,93.24109554290771,0.5003917813301086,293.70450496673584,94.25844669342041,0.8876392841339111,323.02624225616455,159.30470824241638,0.8990780711174011,270.0386881828308,151.75814151763916,0.8490755558013916,318.29965353012085,250.6528615951538,0.4603351652622223,207.57529735565186,233.91368865966797,0.8670492768287659,320.85543394088745,293.6526846885681,0.5292308926582336,267.646586894989,293.4655737876892,0.8542891144752502,332.4600648880005,333.0745267868042,0.9467306137084961,293.0793356895447,338.28346252441406,0.8724439740180969,443.43506813049316,374.15931701660156,0.8905894160270691,314.0633726119995,502.09060192108154,0.7251250743865967,582.7097797393799,422.4759006500244,0.8988880515098572,305.8131766319275,659.2056083679199,0.9229196906089783
62,15.63380000879988,169.65056065677078,342.50487327575684,97.37457275390625,0.7517303228378296,337.0055079460144,86.49140775203705,0.6680083870887756,327.9932641983032,85.30730903148651,0.5155460238456726,312.6807475090027,93.2365357875824,0.502249538898468,293.6973810195923,94.26138639450073,0.887602686882019,323.0131530761719,159.25933599472046,0.8995710015296936,270.01441955566406,151.74941897392273,0.8480340838432312,318.22060346603394,250.36691665649414,0.46067818999290466,207.5612211227417,233.8892698287964,0.8665485382080078,320.85442543029785,293.49621534347534,0.5268293023109436,267.7574586868286,293.4254264831543,0.8531637787818909,332.6131010055542,333.16383361816406,0.9465299248695374,293.1949496269226,338.3836054801941,0.8729590773582458,443.5852289199829,374.19562339782715,0.8909355401992798,314.1268229484558,501.914005279541,0.7288138270378113,582.7052307128906,422.3929023742676,0.8977760076522827,305.73612213134766,659.117546081543,0.9229906797409058
63,18.550699984189123,169.69180432606413,342.50590324401855,97.37869262695312,0.7516847252845764,337.00544357299805,86.48751854896545,0.667517900466919,327.99294233322144,85.30513644218445,0.5149948000907898,312.6813268661499,93.24000120162964,0.5018291473388672,293.7031316757202,94.26416516304016,0.8876243829727173,323.1085538864136,159.32297945022583,0.8989372849464417,270.027551651001,151.7919909954071,0.8483819365501404,318.25064420700073,250.4966926574707,0.4600631892681122,207.5801682472229,233.88858318328857,0.866578221321106,321.05578422546387,293.5443878173828,0.5316099524497986,267.68990993499756,293.44521045684814,0.853776752948761,332.5455093383789,333.1343936920166,0.9466066360473633,293.09746742248535,338.3370852470398,0.8723009824752808,443.5154056549072,374.2343759536743,0.8904698491096497,314.1038203239441,501.7889928817749,0.7300981283187866,582.6984930038452,422.3681831359863,0.8973706364631653,305.9044146537781,659.0382385253906,0.9243181347846985
64,16.34029997512698,169.70142363635898,342.5067400932312,97.37451910972595,0.7517411112785339,337.0039629936218,86.48908495903015,0.6676441431045532,327.9946804046631,85.3062629699707,0.5152546167373657,312.67733573913574,93.24176073074341,0.5019071102142334,293.70296001434326,94.26557064056396,0.8876702189445496,323.0817747116089,159.2949664592743,0.8991051912307739,270.01137256622314,151.7936110496521,0.8481383323669434,318.20457458496094,250.44708251953125,0.46001383662223816,207.57461071014404,233.88298273086548,0.8664467334747314,320.87056159973145,293.54138374328613,0.5272424817085266,267.66984701156616,293.4428930282593,0.8537716865539551,332.57389783859253,333.16640853881836,0.946514904499054,293.1626772880554,338.3769965171814,0.8727940320968628,443.5551452636719,374.22926902770996,0.8906808495521545,314.10937786102295,501.8564987182617,0.7291350364685059,582.7026557922363,422.4024295806885,0.8977138996124268,305.879545211792,659.047122001648,0.9238792657852173
65,15.809300006367266,169.69260973797512,342.5068259239197,97.37884283065796,0.7516225576400757,337.00587272644043,86.48696064949036,0.6675587296485901,327.99352169036865,85.30432105064392,0.5151894688606262,312.6830005645752,93.23877811431885,0.5019615292549133,293.70124340057373,94.26155805587769,0.887580931186676,323.10155868530273,159.32334423065186,0.898980975151062,270.02933263778687,151.7832362651825,0.8483846783638,318.1577754020691,250.5076789855957,0.4595644176006317,207.58664846420288,233.89660835266113,0.8667036890983582,320.99703311920166,293.5721969604492,0.5313740372657776,267.6755118370056,293.4529781341553,0.8537808656692505,332.56752490997314,333.0933666229248,0.9467232823371887,293.1406831741333,338.297324180603,0.8732481598854065,443.50544929504395,374.2349338531494,0.8904980421066284,314.11821842193604,501.817102432251,0.7302586436271667,582.7088356018066,422.4003267288208,0.897578239440918,305.88658332824707,659.044075012207,0.9238635897636414
66,15.33169997856021,169.69764104814382,342.5067615509033,97.37405776977539,0.7517569661140442,337.0039629936218,86.48951947689056,0.6676377058029175,327.9939079284668,85.30559778213501,0.5151894092559814,312.67860174179077,93.24356317520142,0.5019343495368958,293.70330333709717,94.26610708236694,0.8876687288284302,323.0934691429138,159.3031632900238,0.8990833759307861,270.0106430053711,151.7893624305725,0.8481022715568542,318.22105407714844,250.4775094985962,0.45990100502967834,207.57549047470093,233.8830041885376,0.8664646744728088,320.87798595428467,293.5407614707947,0.5269528031349182,267.67351627349854,293.4432578086853,0.8537530899047852,332.56617307662964,333.1701421737671,0.946495771408081,293.15282821655273,338.3773612976074,0.8727065324783325,443.5469913482666,374.2286682128906,0.8906494975090027,314.10993576049805,501.85641288757324,0.729108989238739,582.7023983001709,422.3994255065918,0.8976283669471741,305.879545211792,659.0485382080078,0.9238713979721069
67,15.004799992311746,169.6946472937951,342.50646114349365,97.38155722618103,0.7515625953674316,337.0069670677185,86.48466467857361,0.6675259470939636,327.99442291259766,85.30439078807831,0.5152916312217712,312.6835799217224,93.23575258255005,0.5019141435623169,293.7003421783447,94.2606246471405,0.8875950574874878,323.07141065597534,159.3116283416748,0.898966908454895,270.03493309020996,151.79336428642273,0.8485261797904968,318.10359477996826,250.4625964164734,0.45942404866218567,207.58349418640137,233.90077114105225,0.8666704297065735,321.0234260559082,293.5864448547363,0.5328887104988098,267.674503326416,293.4568405151367,0.8537365794181824,332.5538992881775,333.0961775779724,0.9466924667358398,293.1430220603943,338.30230236053467,0.8732645511627197,443.49781036376953,374.2316722869873,0.8904098868370056,314.11564350128174,501.82165145874023,0.7301747798919678,582.7096509933472,422.40285873413086,0.8976694345474243,305.88533878326416,659.042272567749,0.9238693714141846
68,15.846099995542318,169.70077483011724,342.507061958313,97.37802743911743,0.7516713738441467,337.0054864883423,86.48469686508179,0.6675443649291992,327.99596786499023,85.30449271202087,0.5153284668922424,312.6781725883484,93.23679327964783,0.5018332600593567,293.7018013000488,94.26278114318848,0.8876601457595825,323.0587077140808,159.29381847381592,0.8990204334259033,270.0207281112671,151.8002200126648,0.8483234643936157,318.13037395477295,250.40500402450562,0.45971307158470154,207.57328033447266,233.8913083076477,0.8665086030960083,320.94143629074097,293.57681035995483,0.530064582824707,267.6697826385498,293.4508967399597,0.8537240028381348,332.5528049468994,333.16595792770386,0.9464858770370483,293.1528925895691,338.3741855621338,0.8727835416793823,443.5269069671631,374.2227029800415,0.8904492855072021,314.1044211387634,501.8587303161621,0.7290594577789307,582.7025699615479,422.4036741256714,0.8977474570274353,305.8769702911377,659.0455341339111,0.9238752722740173
69,15.154800028540194,169.69431890062742,342.50701904296875,97.37746953964233,0.7516432404518127,337.00544357299805,86.48467540740967,0.6674903035163879,327.99611806869507,85.30441761016846,0.5152957439422607,312.67868757247925,93.23635339736938,0.5018027424812317,293.7022089958191,94.26177263259888,0.8876291513442993,323.06907176971436,159.29913997650146,0.8990132212638855,270.0217795372009,151.79898619651794,0.84836345911026,318.12878608703613,250.40781497955322,0.4597076177597046,207.57639169692993,233.8936471939087,0.8665367960929871,320.955491065979,293.58871936798096,0.5303924679756165,267.6730442047119,293.4582996368408,0.8536956906318665,332.5714087486267,333.1394147872925,0.9466046094894409,293.15778493881226,338.34075450897217,0.8731289505958557,443.5343313217163,374.23261642456055,0.8905812501907349,314.12109375,501.84139251708984,0.7299703359603882,582.7099514007568,422.4019145965576,0.897754430770874,305.88441610336304,659.0412425994873,0.9238979816436768
70,15.125400037504733,169.70077483011724,342.507061958313,97.37802743911743,0.7516713738441467,337.0054864883423,86.48469686508179,0.6675443649291992,327.99596786499023,85.30449271202087,0.5153284668922424,312.6781725883484,93.23679327964783,0.5018332600593567,293.7018013000488,94.26278114318848,0.8876601457595825,323.0587077140808,159.29381847381592,0.8990204334259033,270.0207281112671,151.8002200126648,0.8483234643936157,318.13037395477295,250.40500402450562,0.45971307158470154,207.57328033447266,233.8913083076477,0.8665086030960083,320.94143629074097,293.57681035995483,0.530064582824707,267.6697826385498,293.4508967399597,0.8537240028381348,332.5528049468994,333.16595792770386,0.9464858770370483,293.1528925895691,338.3741855621338,0.8727835416793823,443.5269069671631,374.2227029800415,0.8904492855072021,314.1044211387634,501.8587303161621,0.7290594577789307,582.7025699615479,422.4036741256714,0.8977474570274353,305.8769702911377,659.0455341339111,0.9238752722740173
71,15.099299955181777,169.68748178126398,342.4918055534363,96.89203262329102,0.7544456124305725,336.9547176361084,85.6074857711792,0.6308172345161438,327.6649832725525,84.96319234371185,0.49673980474472046,310.0352740287781,93.01062941551208,0.72796231508255,293.41851711273193,94.43328380584717,0.8875772356987,322.88646697998047,158.49883317947388,0.9003093242645264,269.2882490158081,152.76592254638672,0.8413344025611877,315.99567890167236,248.3894419670105,0.46744415163993835,207.0105743408203,234.49366807937622,0.8463932871818542,321.78847789764404,291.5389108657837,0.5406419038772583,268.5770773887634,294.20146465301514,0.8509441018104553,331.68917655944824,333.377788066864,0.9412431120872498,292.6171588897705,339.18622970581055,0.8589114546775818,440.1977491378784,371.38299465179443,0.8678690195083618,313.7364649772644,505.3023433685303,0.6448935866355896,581.9660139083862,421.6107702255249,0.8852237462997437,305.5113744735718,658.8093709945679,0.917194664478302
72,15.073399990797043,169.00058677108748,342.37576246261597,95.99985480308533,0.7671368718147278,337.55587577819824,86.31796538829803,0.682982861995697,326.34398460388184,87.47612714767456,0.6897537112236023,313.93720149993896,91.89618229866028,0.5061395168304443,292.6817464828491,94.88908767700195,0.8811988234519958,325.70476055145264,161.36929035186768,0.8776527643203735,269.5243263244629,152.7820909023285,0.8547448515892029,322.1376585960388,244.84057903289795,0.47611725330352783,207.2136926651001,234.4040822982788,0.8592190146446228,323.165545463562,290.8794093132019,0.5107183456420898,268.40824842453003,294.7273063659668,0.8599839210510254,336.7418146133423,333.6229419708252,0.9475430846214294,292.5499105453491,338.65036725997925,0.862058699131012,438.7339496612549,370.5294942855835,0.8649133443832397,314.7192049026489,503.0163288116455,0.7182866334915161,583.7011671066284,422.7348518371582,0.8816636800765991,305.72869777679443,658.0993366241455,0.9232444167137146
73,15.171900042332709,168.73354317266666,342.1869993209839,96.34237289428711,0.7663233876228333,337.85006046295166,85.82537770271301,0.6134185791015625,326.7432475090027,87.78085827827454,0.6633903980255127,313.9878845214844,92.6531445980072,0.5196762681007385,292.65979528427124,94.93525385856628,0.8817996382713318,323.7515330314636,163.63203406333923,0.7665672898292542,269.0674066543579,151.4900815486908,0.8387828469276428,324.18890476226807,247.950439453125,0.479949414730072,205.96421241760254,235.02545356750488,0.8346598148345947,332.3013210296631,293.87550115585327,0.531798243522644,267.4555277824402,294.7138738632202,0.8638367056846619,338.4354257583618,334.6339201927185,0.9426140785217285,291.6452121734619,338.83715629577637,0.8486047983169556,435.91132164001465,368.0049991607666,0.8442066311836243,314.7497606277466,507.94867515563965,0.8382350206375122,582.9652976989746,423.49586963653564,0.8741377592086792,305.6531882286072,657.2453212738037,0.9228101372718811
74,15.183100011199713,167.45899846228613,342.0195436477661,96.4500904083252,0.7583895921707153,337.44959592819214,87.99216270446777,0.6586338877677917,327.5415372848511,87.69032835960388,0.6560255289077759,309.1778898239136,93.49850177764893,0.7201249003410339,292.25982427597046,94.43216800689697,0.8696158528327942,323.5509467124939,164.43093538284302,0.8364719748497009,268.3017325401306,149.90849018096924,0.8137804269790649,329.83956813812256,253.87013912200928,0.42855069041252136,206.00770711898804,235.2221131324768,0.8200948238372803,344.80281829833984,290.19439458847046,0.4643438160419464,266.74920558929443,294.73039627075195,0.8548714518547058,343.08045387268066,334.6545195579529,0.9315967559814453,291.9577217102051,339.37201023101807,0.8323466181755066,435.4764175415039,368.21592807769775,0.8215196132659912,316.7238664627075,508.0213737487793,0.8598170876502991,581.654748916626,424.17938232421875,0.8457643389701843,305.94932556152344,655.2058124542236,0.9174427390098572
75,14.865600038319826,167.22763273503827,344.60609436035156,96.47136569023132,0.668789267539978,339.17670249938965,88.14233958721161,0.6186086535453796,331.1923885345459,85.39685189723969,0.4210040867328644,308.8142251968384,93.3381700515747,0.6922542452812195,293.2534646987915,93.33801984786987,0.8408704996109009,325.17913341522217,167.4144744873047,0.6680740118026733,268.77251386642456,149.37206983566284,0.7985037565231323,331.1789131164551,258.18416118621826,0.35193872451782227,204.6101474761963,234.88061428070068,0.786161482334137,357.15975522994995,294.58916187286377,0.4110865294933319,266.37826681137085,294.52556133270264,0.818422794342041,347.2808361053467,331.41520500183105,0.9199613928794861,292.4646806716919,336.95579051971436,0.8361931443214417,438.35028648376465,371.52843475341797,0.6926830410957336,317.9023218154907,507.6378393173218,0.8231998682022095,580.6308746337891,423.6192512512207,0.8156190514564514,306.7214369773865,656.4893245697021,0.9094161987304688
76,14.940100023522973,167.81210002816096,346.6454315185547,96.66601896286011,0.6348350048065186,339.5728540420532,88.1608521938324,0.6168797016143799,332.84634590148926,87.20792770385742,0.54258793592453,307.56543159484863,93.25799345970154,0.6706792712211609,294.2347025871277,92.77166604995728,0.8064459562301636,328.0098295211792,169.2230772972107,0.6541513800621033,268.69234800338745,149.70170259475708,0.7910436391830444,337.08457946777344,259.3401503562927,0.3180248439311981,203.9974021911621,234.1925311088562,0.7645321488380432,384.8220634460449,306.38171911239624,0.4762756824493408,264.7166061401367,293.8083600997925,0.8154749274253845,351.3857316970825,331.30598545074463,0.9200300574302673,293.6578130722046,335.47789335250854,0.8360266089439392,444.679012298584,378.3898687362671,0.6883310675621033,318.7598133087158,508.3248281478882,0.7692184448242188,581.3622808456421,423.3764362335205,0.8107587695121765,308.5494804382324,657.1465301513672,0.9123426675796509
77,15.131900028791279,168.74845485100218,346.7661952972412,97.20225691795349,0.6063148975372314,340.46568632125854,88.00620675086975,0.5537224411964417,332.7664375305176,87.28155970573425,0.48305776715278625,309.83458042144775,92.91618347167969,0.6099023222923279,294.09170866012573,92.2237229347229,0.7712904214859009,340.3111696243286,167.64406085014343,0.5405400395393372,267.3825716972351,149.73150730133057,0.7480065822601318,362.01448917388916,264.4616675376892,0.328230082988739,203.14682006835938,234.0868091583252,0.7268385887145996,392.42451667785645,321.15487575531006,0.6014739274978638,263.2119083404541,291.9657897949219,0.828628659248352,357.38834381103516,329.4077968597412,0.9076130986213684,293.25260639190674,331.918580532074,0.7753061652183533,447.57566928863525,379.82800483703613,0.6398435235023499,317.144136428833,506.9390058517456,0.7689701914787292,580.8459663391113,422.81742095947266,0.7879926562309265,307.97969341278076,657.7130126953125,0.9001425504684448
78,14.948500029277056,168.8505184548082,346.4852285385132,96.01925253868103,0.6022341847419739,341.7937660217285,86.79385900497437,0.554488480091095,330.95970153808594,84.223712682724,0.5785269141197205,323.54227781295776,95.43742775917053,0.3230980634689331,294.06447887420654,91.73974514007568,0.7439296841621399,358.4242343902588,168.14526915550232,0.5076251029968262,266.24250411987305,151.62161707878113,0.746211588382721,403.0895805358887,265.95964908599854,0.4593886733055115,203.0746364593506,234.8155117034912,0.902212381362915,385.20302295684814,329.7865676879883,0.6069517731666565,262.96804189682007,292.356812953949,0.8327094912528992,365.2614212036133,329.3868327140808,0.8928828835487366,293.36092472076416,329.968957901001,0.7387833595275879,443.50210189819336,381.66611194610596,0.5525287389755249,316.6559314727783,506.9568157196045,0.7803682684898376,579.5922374725342,422.3990821838379,0.7585841417312622,307.061927318573,657.2987079620361,0.9045877456665039
79,14.939399959985167,171.10312647754918,342.72191762924194,97.12141513824463,0.6429767608642578,342.81103134155273,87.68963098526001,0.5075774788856506,330.0262713432312,84.10681664943695,0.5712610483169556,329.60289001464844,97.20152735710144,0.4830761253833771,296.7942810058594,91.9551694393158,0.7078651785850525,382.73895263671875,166.55938625335693,0.5597551465034485,266.7813491821289,153.40304374694824,0.7609524130821228,403.9859962463379,265.63555240631104,0.7235977053642273,203.3287811279297,234.99146461486816,0.9234547019004822,386.33195400238037,335.03071546554565,0.5845655202865601,263.84512424468994,296.27968311309814,0.7557328939437866,373.31289768218994,330.5705451965332,0.8709273934364319,298.125,329.0976905822754,0.7717651724815369,395.326623916626,498.66342544555664,0.5604822039604187,315.2951717376709,505.1584053039551,0.7729247212409973,394.29656982421875,648.3779811859131,0.6415486931800842,306.5193271636963,656.13196849823,0.9080183506011963
80,15.261900029145181,172.24112541041873,341.78773641586304,96.98219776153564,0.6286550760269165,346.5193033218384,87.21165597438812,0.3710750937461853,333.4825015068054,85.55819749832153,0.4279702603816986,336.9282817840576,96.01349115371704,0.594865620136261,300.08681058883667,91.98630452156067,0.5864989757537842,394.94231700897217,165.10159492492676,0.6611897349357605,268.5649538040161,153.80404472351074,0.7791366577148438,404.4390106201172,266.9634819030762,0.712221086025238,203.91109943389893,234.15040969848633,0.7728538513183594,385.7836675643921,336.04727268218994,0.5470178723335266,265.18219470977783,297.06969022750854,0.7087633013725281,374.2661762237549,330.62719345092773,0.8801448345184326,299.34059858322144,329.45281505584717,0.7536616325378418,393.2653999328613,500.43763160705566,0.6191843152046204,313.3448839187622,504.06063079833984,0.7647290825843811,392.1203327178955,649.2870998382568,0.6714767813682556,304.942102432251,655.6213188171387,0.8797743916511536
81,15.02779999282211,173.46746465990333,343.6466360092163,95.02071976661682,0.5811633467674255,354.08135175704956,84.84285235404968,0.43165305256843567,337.68423557281494,83.60209465026855,0.4149119555950165,352.8937339782715,93.71676921844482,0.5020027756690979,325.33727645874023,89.48615312576294,0.39118653535842896,395.3314733505249,164.36177730560303,0.63333660364151,271.50383949279785,153.61429452896118,0.8065557479858398,403.9520502090454,268.2310080528259,0.7879543900489807,205.92910766601562,232.7387523651123,0.8012820482254028,385.6873655319214,353.9806079864502,0.6516088247299194,265.67288875579834,292.14783668518066,0.8080224394798279,375.07083892822266,331.3708305358887,0.861257016658783,300.43957471847534,327.95661449432373,0.7240686416625977,390.9127378463745,501.9521999359131,0.5329952239990234,311.9527530670166,502.97379970550537,0.6947606205940247,392.22890853881836,648.8988876342773,0.6852840781211853,304.63186740875244,654.3461751937866,0.8300030827522278
82,14.93299996946007,174.08037582640685,341.5874719619751,94.0493631362915,0.5622291564941406,353.9772391319275,83.74724507331848,0.417441725730896,339.2128372192383,83.01142930984497,0.4034217596054077,369.0076732635498,93.82071018218994,0.45057135820388794,333.64027976989746,89.18559551239014,0.43127667903900146,397.13911056518555,164.21324729919434,0.6557578444480896,273.176486492157,153.92770528793335,0.8135114312171936,405.0592231750488,269.13394689559937,0.7973560690879822,204.94694709777832,234.54832077026367,0.9234235286712646,384.04722690582275,355.723614692688,0.6646539568901062,268.2236051559448,292.3613405227661,0.7667527198791504,374.90123748779297,331.28830432891846,0.8460057973861694,300.4120445251465,324.42970275878906,0.7860628962516785,388.81799697875977,502.0646810531616,0.5706616640090942,310.5684542655945,503.52856636047363,0.535601794719696,390.4970169067383,648.1431484222412,0.6702126860618591,303.5304880142212,654.2244243621826,0.7349814772605896
83,15.140199975576252,175.67894625768398,342.05705165863037,93.69203925132751,0.5395448207855225,353.4900426864624,82.79560267925262,0.4111176133155823,342.9745817184448,82.1636152267456,0.3510609567165375,371.6076993942261,93.20813655853271,0.45422372221946716,337.68646717071533,89.21410739421844,0.4286133348941803,397.28004455566406,164.13145065307617,0.6762495636940002,274.6209955215454,154.44268941879272,0.8314352631568909,405.73466777801514,267.91590213775635,0.8287606239318848,204.78882551193237,235.19102096557617,0.9136760234832764,382.8439235687256,354.0374708175659,0.7342755198478699,270.4616618156433,292.6196479797363,0.7785970568656921,374.478178024292,331.5486717224121,0.8561736941337585,303.06487798690796,323.35111141204834,0.7927002906799316,387.1504783630371,500.1249074935913,0.7073940634727478,309.1046118736267,506.25823974609375,0.4291703701019287,391.7601013183594,648.6812210083008,0.6906272172927856,302.7974510192871,654.8953628540039,0.6548177599906921
84,14.848299964796752,74.37712414908678,343.0094504356384,91.33938789367676,0.44591471552848816,354.84196186065674,81.16229295730591,0.48800960183143616,346.12622022628784,80.7394802570343,0.49139219522476196,379.519100189209,92.82166242599487,0.45604047179222107,356.75405502319336,88.86248588562012,0.48022717237472534,398.8007068634033,160.8342432975769,0.6963382959365845,308.0499458312988,157.1587371826172,0.4739704132080078,406.85651779174805,267.4849462509155,0.8754518032073975,205.3874945640564,235.12381553649902,0.8664084076881409,381.0638380050659,353.6456537246704,0.810416579246521,273.6095666885376,295.70324420928955,0.7112008333206177,379.26684379577637,327.36088514328003,0.8495216965675354,317.69529819488525,322.36380100250244,0.7467716336250305,386.0076427459717,500.4325246810913,0.7324867844581604,239.45807218551636,306.85516119003296,0.6537889838218689,393.18617820739746,648.3553218841553,0.6778627038002014,249.89840984344482,442.20841884613037,0.7102472186088562
85,15.064499981235713,76.61495839593725,343.8818335533142,88.93161177635193,0.4135139286518097,356.74195289611816,78.7386703491211,0.5376365184783936,348.0869150161743,79.07937526702881,0.530465841293335,385.7347011566162,89.45521116256714,0.4560878276824951,373.22625160217285,87.72299230098724,0.4773392677307129,404.427809715271,160.03623247146606,0.7213059663772583,349.7631025314331,160.26773929595947,0.54337078332901,407.59453296661377,268.37005376815796,0.8813148736953735,340.5054044723511,261.3488245010376,0.18324990570545197,380.82231044769287,354.742956161499,0.8529097437858582,265.4490637779236,297.88681983947754,0.4924117922782898,384.36973571777344,327.78632640838623,0.8449598550796509,333.3625102043152,323.3073377609253,0.7475005388259888,383.9627265930176,500.3873348236084,0.6982645988464355,237.67779350280762,308.8493514060974,0.6488900780677795,393.0402660369873,647.1757078170776,0.6399004459381104,249.01763677597046,444.10051345825195,0.7573628425598145
86,14.59690002957359,76.6061514380893,346.53846502304077,90.66329956054688,0.5214310884475708,358.5401916503906,77.5321215391159,0.6112844944000244,352.0319938659668,77.80469298362732,0.6688960194587708,391.55591011047363,89.13870513439178,0.7330644130706787,382.14513301849365,88.63816201686859,0.7131237387657166,402.9796314239502,162.4363374710083,0.8331202268600464,383.23638439178467,161.50975227355957,0.7329968810081482,408.25942039489746,273.6144804954529,0.8113405704498291,381.5604543685913,265.2019786834717,0.35070422291755676,377.56619453430176,360.008282661438,0.5962905287742615,368.79313945770264,352.44192123413086,0.2573194205760956,380.71274757385254,328.0703401565552,0.8572964072227478,370.7115840911865,328.773250579834,0.7093484401702881,229.106183052063,301.06459379196167,0.6222697496414185,394.70778465270996,496.58108711242676,0.3633864223957062,247.12530612945557,444.2912292480469,0.7685844898223877,585.2313995361328,421.4094114303589,0.525894820690155
87,15.210600045975298,178.29020395615075,346.64302825927734,92.41368770599365,0.5950102210044861,359.53917503356934,77.80027270317078,0.6579060554504395,354.04075384140015,77.71968841552734,0.7408398985862732,394.79769229888916,87.23270058631897,0.8146851062774658,384.11370277404785,88.24523448944092,0.7400301694869995,405.0911521911621,162.74527430534363,0.8584821820259094,389.90989208221436,162.45884656906128,0.7696053981781006,404.0013599395752,269.7753381729126,0.7859609127044678,385.29280185699463,265.9357237815857,0.41481849551200867,373.94190788269043,360.6795644760132,0.7073147892951965,373.02961349487305,346.91644191741943,0.3153896927833557,381.3222312927246,330.86631774902344,0.8942832350730896,376.3791561126709,332.40723609924316,0.8321239352226257,225.92971801757812,300.36762714385986,0.6588263511657715,390.1525354385376,501.440691947937,0.6247052550315857,246.39222621917725,441.6991853713989,0.79842609167099,397.68752574920654,647.7300453186035,0.7093420624732971
88,15.232899982947856,176.91402640323852,350.76021909713745,94.10420894622803,0.7894706130027771,363.8919925689697,79.73890900611877,0.7891709208488464,361.29788875579834,80.35451352596283,0.6720820665359497,396.18866443634033,87.89315700531006,0.6365325450897217,392.96546459198,86.98814749717712,0.8048479557037354,406.9462537765503,162.992981672287,0.8859179615974426,400.7857131958008,160.66091895103455,0.8510859608650208,405.5257987976074,273.93248319625854,0.8161989450454712,398.5638999938965,264.76269721984863,0.6070245504379272,373.10136795043945,361.9916582107544,0.7524570822715759,375.3492307662964,351.8574571609497,0.3328808546066284,380.35255908966064,337.88761138916016,0.8928636908531189,381.02710247039795,338.32581996917725,0.8612388968467712,226.70828819274902,306.6092562675476,0.6859123706817627,384.8788833618164,506.39222145080566,0.8753044009208679,244.70882892608643,446.3202238082886,0.814471423625946,395.60686111450195,645.8509969711304,0.8512954711914062
89,15.536999970208853,175.15923321248627,352.1827983856201,94.56408977508545,0.8078249096870422,365.53625106811523,80.85886001586914,0.8035098910331726,363.5091018676758,81.13452136516571,0.7048285603523254,399.1656160354614,87.70479619503021,0.5921474099159241,395.9118175506592,86.62632822990417,0.821467936038971,407.7111339569092,162.00173377990723,0.8521847724914551,402.3035430908203,158.5414481163025,0.8191147446632385,404.5832920074463,274.2399072647095,0.7557291388511658,397.7900505065918,265.90394496917725,0.6074996590614319,372.9754114151001,367.83599853515625,0.7614423036575317,374.21107292175293,351.8709325790405,0.38463926315307617,386.883544921875,340.2464747428894,0.8256148099899292,384.6877384185791,338.30095052719116,0.8122166991233826,236.30943775177002,305.4582667350769,0.5826036334037781,384.0298891067505,502.9392957687378,0.7633937001228333,248.2824969291687,450.64038276672363,0.7052417993545532,395.377779006958,643.6169528961182,0.8016249537467957
